{"achievement.radPoison":134,"stat.mineBlock.24":261,"stat.killEntity.Bat":6,"stat.walkOneCm":178678,"mcheliMcHeliWelcome":6,"achievement.openInventory":149,"stat.useItem.259":2,"stat.damageTaken":10145,"stat.mineBlock.5":417,"stat.mobKills":16,"achievement.cfm_install":1,"stat.useItem.24":24,"achievement.radDeath":1,"stat.flyOneCm":331941,"stat.deaths":1,"mcheliMcHeliSupplyAmmo":1,"stat.drop":23,"tconstruct.beginner":7,"stat.jump":288,"stat.playOneMinute":169236,"stat.fallOneCm":113332,"stat.climbOneCm":1661,"stat.useItem.5":5,"stat.damageDealt":238,"stat.killEntity.Squid":1,"stat.killEntity.GalacticraftCore.AlienVillager":1,"achievement.exploreAllBiomes":{"value":0,"progress":["moon","eris","Desert","space"]}}