{"stat.useItem.351":7,"stat.craftItem.69":3,"stat.useItem.355":10,"stat.craftItem.101":16,"stat.craftItem.102":16,"stat.craftItem.61":4,"stat.craftItem.67":12,"stat.leaveGame":13,"stat.craftItem.336":6,"stat.craftItem.339":3,"stat.mineBlock.14":1,"stat.mineBlock.13":47,"stat.mineBlock.16":98,"stat.mineBlock.15":103,"stat.mineBlock.18":50,"stat.mineBlock.17":61,"stat.swimOneCm":129561,"stat.climbOneCm":14796,"achievement.buildWorkBench":5,"stat.craftItem.76":6,"stat.craftItem.77":3,"stat.craftItem.324":3,"achievement.exploreAllBiomes":{"value":0,"progress":["Beach","Temperate Rainforest","Bayou"]},"stat.mineBlock.12":174,"stat.useItem.331":5,"stat.entityKilledBy.Spider":1,"stat.mineBlock.4":39,"stat.mineBlock.5":40,"achievement.diamonds":1,"stat.mineBlock.3":340,"stat.mineBlock.1":1911,"stat.craftItem.359":1,"stat.flyOneCm":394834,"stat.craftItem.351":10,"achievement.buildPickaxe":2,"stat.craftItem.355":3,"stat.craftItem.356":1,"achievement.buildBetterPickaxe":1,"stat.mineBlock.126":1,"stat.craftItem.20":7,"stat.mineBlock.175":3,"stat.killEntity.Creeper":6,"tconstruct.beginner":1,"stat.useItem.324":2,"stat.useItem.323":3,"stat.craftItem.35":8,"stat.entityKilledBy.Skeleton":3,"stat.craftItem.33":1,"achievement.burnerPress":1,"achievement.buildSword":2,"achievement.mineWood":77,"stat.craftItem.323":3,"achievement.openInventory":994,"stat.craftItem.42":8,"stat.breakItem.275":1,"stat.entityKilledBy.Creeper":3,"achievement.killEnemy":57,"achievement.buildFurnace":4,"stat.craftItem.58":5,"stat.deaths":36,"stat.drop":957,"stat.playOneMinute":1370310,"stat.craftItem.50":4,"stat.killEntity.Sheep":22,"stat.craftItem.54":14,"stat.breakItem.268":1,"stat.killEntity.Zombie":21,"stat.diveOneCm":77310,"stat.useItem.67":8,"stat.useItem.61":7,"achievement.buildHoe":2,"stat.craftItem.297":91,"stat.jump":4651,"stat.fallOneCm":80944,"stat.craftItem.290":1,"stat.craftItem.1":113,"achievement.makeBread":180,"stat.useItem.295":254,"stat.craftItem.5":288,"stat.damageTaken":28555,"stat.mineBlock.61":5,"achievement.cfm_install":21,"stat.useItem.54":11,"stat.useItem.50":47,"stat.entityKilledBy.Zombie":3,"stat.damageDealt":11934,"stat.useItem.58":5,"stat.useItem.274":56,"stat.craftItem.263":62,"stat.useItem.397":3,"stat.useItem.275":14,"stat.walkOneCm":3751404,"stat.craftItem.265":95,"stat.craftItem.145":1,"stat.craftItem.268":1,"stat.playerKills":3,"stat.craftItem.259":2,"stat.mineBlock.58":2,"stat.mineBlock.50":14,"stat.craftItem.126":30,"stat.useItem.290":55,"achievement.blastFurnace":1,"stat.killEntity.Skeleton":9,"stat.useItem.259":7,"stat.killEntity.Chicken":1,"stat.craftItem.280":120,"stat.killEntity.Spider":2,"stat.mobKills":84,"stat.craftItem.274":1,"stat.useItem.6":1,"stat.mineBlock.38":1,"stat.mineBlock.37":11,"achievement.acquireIron":15,"stat.mineBlock.39":1,"stat.useItem.268":197,"stat.useItem.1":13,"stat.useItem.4":157,"stat.useItem.5":40,"stat.craftItem.270":1,"stat.useItem.3":155,"stat.craftItem.271":1,"stat.useItem.270":3,"stat.mineBlock.31":318,"stat.useItem.272":81,"stat.useItem.271":4,"stat.useItem.392":2}