{"stat.useItem.355":4,"stat.craftItem.61":2,"stat.craftItem.67":4,"stat.leaveGame":5,"stat.craftItem.336":27,"stat.mineBlock.14":12,"stat.mineBlock.13":26,"stat.mineBlock.16":473,"stat.mineBlock.15":137,"stat.mineBlock.18":210,"stat.mineBlock.17":281,"stat.swimOneCm":65400,"stat.useItem.126":1,"stat.climbOneCm":4792,"achievement.buildWorkBench":1,"stat.mineBlock.145":1,"stat.craftItem.325":1,"achievement.exploreAllBiomes":{"value":0,"progress":["Temperate Rainforest","Bayou"]},"stat.craftItem.364":1,"stat.mineBlock.4":33,"achievement.diamonds":5,"stat.mineBlock.3":41,"achievement.slimeball":3,"stat.mineBlock.1":995,"stat.flyOneCm":92579,"achievement.buildPickaxe":12,"stat.craftItem.355":1,"stat.killEntity.Witch":2,"achievement.buildBetterPickaxe":11,"stat.mineBlock.126":1,"stat.craftItem.20":8,"stat.killEntity.Creeper":4,"stat.useItem.324":1,"stat.useItem.323":1,"stat.craftItem.33":1,"achievement.buildSword":2,"achievement.mineWood":251,"stat.useItem.82":6,"achievement.openInventory":197,"stat.craftItem.42":1,"achievement.killEnemy":30,"achievement.buildFurnace":3,"stat.craftItem.58":1,"stat.deaths":34,"stat.drop":415,"stat.playOneMinute":810305,"stat.craftItem.50":220,"stat.killEntity.Sheep":11,"stat.craftItem.54":12,"stat.killEntity.Zombie":9,"stat.craftItem.306":1,"stat.diveOneCm":27073,"stat.useItem.67":9,"stat.useItem.61":3,"stat.breakItem.257":6,"stat.killEntity.Slime":4,"stat.mineBlock.82":6,"stat.craftItem.297":13,"stat.jump":3773,"stat.fallOneCm":35517,"stat.craftItem.1":3,"stat.useItem.295":39,"stat.craftItem.5":128,"stat.damageTaken":15596,"stat.mineBlock.61":2,"achievement.cfm_install":14,"stat.mineBlock.67":1,"stat.useItem.54":18,"stat.useItem.50":217,"stat.damageDealt":3396,"stat.killEntity.Cow":1,"stat.mineBlock.73":47,"stat.useItem.274":88,"stat.useItem.397":16,"stat.craftItem.263":490,"stat.walkOneCm":2808250,"stat.craftItem.265":197,"stat.useItem.278":439,"stat.craftItem.145":1,"stat.mineBlock.58":3,"stat.craftItem.257":6,"stat.mineBlock.50":32,"stat.mineBlock.56":5,"stat.killEntity.Skeleton":5,"stat.useItem.257":1509,"stat.craftItem.280":120,"stat.killEntity.Spider":1,"stat.mobKills":42,"stat.mineBlock.21":4,"stat.craftItem.272":1,"stat.craftItem.274":1,"stat.useItem.6":6,"achievement.acquireIron":23,"stat.useItem.145":1,"stat.craftItem.278":1,"stat.useItem.4":384,"stat.craftItem.270":1,"stat.useItem.3":122,"stat.useItem.17":21,"stat.useItem.270":7,"stat.useItem.13":4,"stat.mineBlock.31":8,"stat.useItem.272":4}