{"stat.useItem.355":4,"stat.craftItem.101":16,"stat.craftItem.102":16,"stat.craftItem.61":5,"stat.leaveGame":8,"stat.craftItem.339":6,"stat.mineBlock.13":201,"stat.mineBlock.16":85,"stat.mineBlock.15":14,"stat.mineBlock.18":204,"stat.mineBlock.17":949,"stat.swimOneCm":60820,"stat.useItem.126":208,"stat.climbOneCm":7538,"achievement.buildWorkBench":5,"achievement.ae2.ChargedQuartz":4,"stat.craftItem.325":2,"achievement.exploreAllBiomes":{"value":0,"progress":["Temperate Rainforest","River","Bayou"]},"stat.mineBlock.12":98,"tconstruct.smelteryMaker":7,"stat.useItem.331":57,"stat.craftItem.364":3,"stat.mineBlock.4":23,"stat.mineBlock.5":20,"stat.mineBlock.3":600,"stat.mineBlock.1":1530,"stat.craftItem.82":64,"stat.mineBlock.6":1,"stat.flyOneCm":1085400,"stat.craftItem.98":16,"stat.mineBlock.126":61,"achievement.cfm_gardening":6,"stat.killEntity.Bat":1,"stat.craftItem.20":9,"stat.killEntity.Creeper":2,"tconstruct.beginner":3,"stat.useItem.324":1,"stat.useItem.323":3,"stat.entityKilledBy.Skeleton":1,"achievement.mineWood":146,"stat.useItem.82":27,"stat.craftItem.323":3,"achievement.openInventory":565,"stat.craftItem.42":1,"stat.breakItem.275":3,"stat.useItem.98":88,"stat.craftItem.58":4,"stat.deaths":19,"stat.drop":437,"stat.playOneMinute":572774,"stat.craftItem.50":64,"stat.killEntity.Sheep":17,"stat.craftItem.54":80,"stat.killEntity.Zombie":13,"stat.diveOneCm":40580,"stat.useItem.61":5,"stat.mineBlock.82":106,"stat.useItem.69":4,"stat.craftItem.297":43,"achievement.cfm_bathroom":1,"stat.jump":4020,"stat.fallOneCm":82051,"stat.craftItem.1":24,"stat.mineBlock.98":135,"achievement.radPoison":6569,"stat.useItem.295":9,"stat.craftItem.5":588,"stat.damageTaken":10607,"stat.mineBlock.61":4,"achievement.cfm_install":15,"stat.useItem.54":9,"stat.useItem.50":57,"stat.entityKilledBy.Zombie":4,"stat.damageDealt":425,"stat.killEntity.Cow":1,"stat.useItem.58":2,"stat.useItem.274":186,"stat.useItem.273":2,"stat.useItem.397":5,"stat.useItem.275":787,"stat.walkOneCm":2005244,"stat.craftItem.265":64,"stat.craftItem.266":9,"stat.blockChiseled":1231,"stat.mineBlock.58":1,"stat.craftItem.257":1,"stat.mineBlock.50":12,"stat.craftItem.126":144,"stat.useItem.35":1,"stat.mineBlock.54":3,"stat.killEntity.Skeleton":3,"stat.useItem.257":135,"stat.killEntity.Chicken":1,"stat.craftItem.280":692,"stat.killEntity.Spider":1,"stat.mobKills":50,"stat.craftItem.273":2,"stat.craftItem.274":3,"stat.craftItem.275":9,"stat.useItem.269":6,"stat.useItem.4":87,"stat.useItem.5":28,"stat.craftItem.270":1,"stat.craftItem.271":9,"stat.useItem.3":285,"stat.useItem.17":28,"stat.craftItem.269":1,"stat.useItem.270":5,"stat.useItem.13":4,"stat.mineBlock.31":103,"stat.useItem.392":1}